채널 ID,채널 URL,채널 제목
UC-5acDjU6XFWu-__G17V_YQ,http://www.youtube.com/channel/UC-5acDjU6XFWu-__G17V_YQ,와나나
UC-J-VSA6OOCxWQ4aEzNkGzQ,http://www.youtube.com/channel/UC-J-VSA6OOCxWQ4aEzNkGzQ,위키위키WIKIWIKI
UC-Ju7Rpx4V9XsrLh2DXh9tw,http://www.youtube.com/channel/UC-Ju7Rpx4V9XsrLh2DXh9tw,BELLA&LUCAS 벨라앤루카스
UC-S9NE-xzcBpxOFSvsmOzAA,http://www.youtube.com/channel/UC-S9NE-xzcBpxOFSvsmOzAA,징버거가 짱이다
UC-l6uBDiU2z6eU3AHyV0r9A,http://www.youtube.com/channel/UC-l6uBDiU2z6eU3AHyV0r9A,심심타임
UC-oCJP9t47v7-DmsnmXV38Q,http://www.youtube.com/channel/UC-oCJP9t47v7-DmsnmXV38Q,릴파 lilpa
UC03-wg9CL5qv1Vq5adPIm-w,http://www.youtube.com/channel/UC03-wg9CL5qv1Vq5adPIm-w,Delmira Cooking
UC0NAhfriB9nAv3x7TQECeyA,http://www.youtube.com/channel/UC0NAhfriB9nAv3x7TQECeyA,로드니아 Rohdenia's Table
UC0Rpopg5aBFi6xv0mfQnJSg,http://www.youtube.com/channel/UC0Rpopg5aBFi6xv0mfQnJSg,유잉어
UC0VR2v4TZeGcOrZHnmwbU_Q,http://www.youtube.com/channel/UC0VR2v4TZeGcOrZHnmwbU_Q,육식맨 YOOXICMAN
UC0_NSkjGfkc1x2TLsQrz1Kg,http://www.youtube.com/channel/UC0_NSkjGfkc1x2TLsQrz1Kg,까망고니
UC0htUSwcxfSGNfK_5Q28JkA,http://www.youtube.com/channel/UC0htUSwcxfSGNfK_5Q28JkA,1분요리 뚝딱이형
UC0ndikoODFVXZ-uB-wjdwRA,http://www.youtube.com/channel/UC0ndikoODFVXZ-uB-wjdwRA,지식 읽어주는 남자
UC0tBQ7evz5sNbMjwBOhmhiA,http://www.youtube.com/channel/UC0tBQ7evz5sNbMjwBOhmhiA,클래식K
UC1AbNPOrkzCxtiPP4v712Vg,http://www.youtube.com/channel/UC1AbNPOrkzCxtiPP4v712Vg,승빠
UC1FwY62nnUo3GxTzKoFqY5Q,http://www.youtube.com/channel/UC1FwY62nnUo3GxTzKoFqY5Q,다도센세-ダド先生
UC1OU9eIk4JGnh9DN1yxwW9A,http://www.youtube.com/channel/UC1OU9eIk4JGnh9DN1yxwW9A,인생 녹음 중
UC1WwPrY1ghFKYTwXwJcFzxg,http://www.youtube.com/channel/UC1WwPrY1ghFKYTwXwJcFzxg,컴퓨터 자격증은 PATH
UC1eIASyCXzaeOuBbGOubI9g,http://www.youtube.com/channel/UC1eIASyCXzaeOuBbGOubI9g,금사향
UC1l27Mw8GuCbmK0Z5SzIyRw,http://www.youtube.com/channel/UC1l27Mw8GuCbmK0Z5SzIyRw,맛수령
UC1loLMKHr1tefiUZwORynvw,http://www.youtube.com/channel/UC1loLMKHr1tefiUZwORynvw,긱블랩 Geekble Lab
UC1rGSlvAbD_vpHX22n-eMEA,http://www.youtube.com/channel/UC1rGSlvAbD_vpHX22n-eMEA,탐미주의 tammijuui
UC1x03ziDHPct2xTikLyfMDA,http://www.youtube.com/channel/UC1x03ziDHPct2xTikLyfMDA,킥서비스
UC270kI9U2h7QaNMLWW6K0Sg,http://www.youtube.com/channel/UC270kI9U2h7QaNMLWW6K0Sg,故 이승빈
UC29S0y5vK0XTCke45dGWT6w,http://www.youtube.com/channel/UC29S0y5vK0XTCke45dGWT6w,고구마머리 '만약' 유튜버
UC2MgNh831KCMuYkK7u8C2dg,http://www.youtube.com/channel/UC2MgNh831KCMuYkK7u8C2dg,꽃핀
UC2XRTuTf0tnqcNBcWeaCVFg,http://www.youtube.com/channel/UC2XRTuTf0tnqcNBcWeaCVFg,Hale In Ocean 정혜일
UC2gGX08CJidB_tdCidXwklg,http://www.youtube.com/channel/UC2gGX08CJidB_tdCidXwklg,COVER DRUM
UC2qjHK7wWxzb8mF9lgf7uXQ,http://www.youtube.com/channel/UC2qjHK7wWxzb8mF9lgf7uXQ,NICKY니키
UC38o26PZJA2ZCUz0OlcbHGQ,http://www.youtube.com/channel/UC38o26PZJA2ZCUz0OlcbHGQ,지식 탱크
UC3Ql0rwM5AbQOQ5SVd4vSLA,http://www.youtube.com/channel/UC3Ql0rwM5AbQOQ5SVd4vSLA,Hoonjin PARK
UC3bYKyUTYaXo7nLA3iGg6RA,http://www.youtube.com/channel/UC3bYKyUTYaXo7nLA3iGg6RA,Chill Scenery
UC3sFiVSxrLNI6A3ywjGAvsg,http://www.youtube.com/channel/UC3sFiVSxrLNI6A3ywjGAvsg,MIROMUSIC 미로뮤직
UC3vDpu3GvKADVUDPkGYiCxA,http://www.youtube.com/channel/UC3vDpu3GvKADVUDPkGYiCxA,Developers and Creators
UC4Icothd_W0M7jRzNyAszoA,http://www.youtube.com/channel/UC4Icothd_W0M7jRzNyAszoA,레시피 읽어주는 여자
UC59ccPdIq6OQLwx5pEYcKcQ,http://www.youtube.com/channel/UC59ccPdIq6OQLwx5pEYcKcQ,서윤희 Yunhee Seo
UC5F6rQcLKbarCPohUz16EqQ,http://www.youtube.com/channel/UC5F6rQcLKbarCPohUz16EqQ,잠들기 전 마지막 영상
UC5X500ugHoU7rJCXwEpoNNw,http://www.youtube.com/channel/UC5X500ugHoU7rJCXwEpoNNw,댕글패밀리
UC5YtPtkKYR7oC3sxd_H1tPA,http://www.youtube.com/channel/UC5YtPtkKYR7oC3sxd_H1tPA,Easy Origami and Crafts
UC5Znk83wpDdporFLdDWHARQ,http://www.youtube.com/channel/UC5Znk83wpDdporFLdDWHARQ,당신이 몰랐던 이야기
UC5d378mobg9SQl6Rp2vE_ag,http://www.youtube.com/channel/UC5d378mobg9SQl6Rp2vE_ag,윤눙 YoonNoong
UC5roWTOx9mdZdxGZRDob_rw,http://www.youtube.com/channel/UC5roWTOx9mdZdxGZRDob_rw,해야 HAEYA
UC5sSejkaT8V81Vf8TvctKlg,http://www.youtube.com/channel/UC5sSejkaT8V81Vf8TvctKlg,김가온 Kim_Ga_On
UC65evG4j_5AX9R2VHj4uG7Q,http://www.youtube.com/channel/UC65evG4j_5AX9R2VHj4uG7Q,훔친책
UC6IqHw1J10LWb-Qos5Xs0Nw,http://www.youtube.com/channel/UC6IqHw1J10LWb-Qos5Xs0Nw,하이픽션
UC6QRZgTcoENFkVWkbok-xfw,http://www.youtube.com/channel/UC6QRZgTcoENFkVWkbok-xfw,SETUA 세투아
UC6dN6Rilzh9KmzymxnZGslg,http://www.youtube.com/channel/UC6dN6Rilzh9KmzymxnZGslg,센서스튜디오
UC6f1vQfdmAv-wW21SYEHQFg,http://www.youtube.com/channel/UC6f1vQfdmAv-wW21SYEHQFg,구리리 Guriri
UC6jILBtkSJvrhs0WKahCbyw,http://www.youtube.com/channel/UC6jILBtkSJvrhs0WKahCbyw,이오 IO
UC6jp3C6z2uH_kEroFInCP-A,http://www.youtube.com/channel/UC6jp3C6z2uH_kEroFInCP-A,해빈인데요?
UC6mf-AsbWtxRF__4Hg7Rx_Q,http://www.youtube.com/channel/UC6mf-AsbWtxRF__4Hg7Rx_Q,짤태식
UC6vdgScn2cZ6hMeMQullT2w,http://www.youtube.com/channel/UC6vdgScn2cZ6hMeMQullT2w,앙뚜와 나고와 사나고
UC6xWZn2suKPqAQkidOiMeHg,http://www.youtube.com/channel/UC6xWZn2suKPqAQkidOiMeHg,에렌디라
UC75qXxDdyrh3qm8al7k8G2g,http://www.youtube.com/channel/UC75qXxDdyrh3qm8al7k8G2g,신민정
UC7F6UDq3gykPZHWRhrj_BDw,http://www.youtube.com/channel/UC7F6UDq3gykPZHWRhrj_BDw,사물궁이 잡학지식
UC7_VkIW7nhIurDTfy-lWPDg,http://www.youtube.com/channel/UC7_VkIW7nhIurDTfy-lWPDg,궁금소
UC7fsBREmG_uN4nJg9G4UXDw,http://www.youtube.com/channel/UC7fsBREmG_uN4nJg9G4UXDw,국립진주박물관 JINJU NATIONAL MUSEUM
UC7zhYVAlXRkYsAJofBOkQmg,http://www.youtube.com/channel/UC7zhYVAlXRkYsAJofBOkQmg,ㄴ섞어
UC8BPPaTQsHIH3L0TGyKxjTw,http://www.youtube.com/channel/UC8BPPaTQsHIH3L0TGyKxjTw,HoneyChurros Clip
UC8CIM3d3zDYMk-3T5aAz0yw,http://www.youtube.com/channel/UC8CIM3d3zDYMk-3T5aAz0yw,혜안
UC8Ejow0hqQG06KGCHI1Lr2Q,http://www.youtube.com/channel/UC8Ejow0hqQG06KGCHI1Lr2Q,슈르연구소
UC8JtQf77wqhVpOQ8Cze8JjA,http://www.youtube.com/channel/UC8JtQf77wqhVpOQ8Cze8JjA,TVING SPORTS
UC8OkNwhd354exprrLVejvnw,http://www.youtube.com/channel/UC8OkNwhd354exprrLVejvnw,벽돌할아버지 Brick grandpa
UC8TxOmxwC8QpHRZra7sOFig,http://www.youtube.com/channel/UC8TxOmxwC8QpHRZra7sOFig,가요이 키우기 YoiKi
UC8WoHUeN-eLynnLKGkwajYQ,http://www.youtube.com/channel/UC8WoHUeN-eLynnLKGkwajYQ,Beginagain 비긴어게인
UC8aVp6yhvi9CKrr_Hcs-M3w,http://www.youtube.com/channel/UC8aVp6yhvi9CKrr_Hcs-M3w,Md. Rafsan
UC8dEJs2kpS5x2vI1X7aaUhA,http://www.youtube.com/channel/UC8dEJs2kpS5x2vI1X7aaUhA,릴파의 순간들
UC8kjdAZAyfnO8nvXVQSGwGA,http://www.youtube.com/channel/UC8kjdAZAyfnO8nvXVQSGwGA,MLB Korea (MLB 코리아)
UC8n5IO9twfRteTx5ykw0cLw,http://www.youtube.com/channel/UC8n5IO9twfRteTx5ykw0cLw,히스커버리 역사채널
UC9-Mb08sfZAhoxJnYjGptcw,http://www.youtube.com/channel/UC9-Mb08sfZAhoxJnYjGptcw,DIY Dr.K 닥터케이
UC9J3jpJT_HVIs_eMoIgkdjA,http://www.youtube.com/channel/UC9J3jpJT_HVIs_eMoIgkdjA,펄스 퍼커션 PULSE PERCUSSION
UC9JEpHI0iTxqIWsU9rw5Iug,http://www.youtube.com/channel/UC9JEpHI0iTxqIWsU9rw5Iug,소요 soyo
UC9KedF_DfcnG2J_vqLJ08Vg,http://www.youtube.com/channel/UC9KedF_DfcnG2J_vqLJ08Vg,샤랄라 스튜디오
UC9QK7KXLVUNzDRTYh2SszDg,http://www.youtube.com/channel/UC9QK7KXLVUNzDRTYh2SszDg,도시연구소
UC9a4bq1AkcTG9smpUuQHIOg,http://www.youtube.com/channel/UC9a4bq1AkcTG9smpUuQHIOg,시미 스튜디오
UC9cCBxBAQW2CzLYeT20q49A,http://www.youtube.com/channel/UC9cCBxBAQW2CzLYeT20q49A,지식해적단
UC9hbbtnu05Ijq4KT4WF25AQ,http://www.youtube.com/channel/UC9hbbtnu05Ijq4KT4WF25AQ,Himmel
UC9qVIyKKwLRV00TL2MFQdzQ,http://www.youtube.com/channel/UC9qVIyKKwLRV00TL2MFQdzQ,제발돼라 PleaseBee
UCA-x_p2coOIWWdDf80DQ8sA,http://www.youtube.com/channel/UCA-x_p2coOIWWdDf80DQ8sA,한본어 하는 고양이
UCA4ZUofyfHIk-qXlAQQV5Hg,http://www.youtube.com/channel/UCA4ZUofyfHIk-qXlAQQV5Hg,너진똑 NJT BOOK
UCA9Wm919AcIoZ9_7V0uR1ug,http://www.youtube.com/channel/UCA9Wm919AcIoZ9_7V0uR1ug,atthedrum
UCADa1FgR3ZsEMG8S5jQQdgQ,http://www.youtube.com/channel/UCADa1FgR3ZsEMG8S5jQQdgQ,마젠타
UCAGUSx1hbPKDqzBZH7bTjiA,http://www.youtube.com/channel/UCAGUSx1hbPKDqzBZH7bTjiA,아구 TV
UCAZszE8hJqs5Hs_CDve_MeA,http://www.youtube.com/channel/UCAZszE8hJqs5Hs_CDve_MeA,JPOP_Natsu
UCAg79qqIkCYfXSVC8IHe63w,http://www.youtube.com/channel/UCAg79qqIkCYfXSVC8IHe63w,Drummer Shaco
UCAhBeUD1NuYKh31dsKIt_ag,http://www.youtube.com/channel/UCAhBeUD1NuYKh31dsKIt_ag,Jangdol Drum
UCAmIIU3WQOEsnOSLv6_Vh7w,http://www.youtube.com/channel/UCAmIIU3WQOEsnOSLv6_Vh7w,앙찡
UCAo6a3BUoA5en5aauxUyAZQ,http://www.youtube.com/channel/UCAo6a3BUoA5en5aauxUyAZQ,토니마루
UCAsapThXxqo8s6rt0xfOeCg,http://www.youtube.com/channel/UCAsapThXxqo8s6rt0xfOeCg,사지의 싸지방
UCB9e3pof1o83aa0kkaoeJGA,http://www.youtube.com/channel/UCB9e3pof1o83aa0kkaoeJGA,it's Live
UCBEPcbh8fpU6IgtHT6X18NA,http://www.youtube.com/channel/UCBEPcbh8fpU6IgtHT6X18NA,연어나라에서온 Flora's Diary
UCBF6nBTgFN_xzrLMF9eiRhw,http://www.youtube.com/channel/UCBF6nBTgFN_xzrLMF9eiRhw,아이네 다시보기
UCBPIvSktco3ZQRhnqnOtCuA,http://www.youtube.com/channel/UCBPIvSktco3ZQRhnqnOtCuA,Hoya choe -호야초 Blender3D Channel
UCBkyj16n2snkRg1BAzpovXQ,http://www.youtube.com/channel/UCBkyj16n2snkRg1BAzpovXQ,우왁굳
UCBlkXtOAC6detmkm72WkoqA,http://www.youtube.com/channel/UCBlkXtOAC6detmkm72WkoqA,리얼리릴리
UCBtHH4sZ7t0M5UYd6vWVqTA,http://www.youtube.com/channel/UCBtHH4sZ7t0M5UYd6vWVqTA,깃털유머
UCBvkQFBskQR9NeOoDYR8ckA,http://www.youtube.com/channel/UCBvkQFBskQR9NeOoDYR8ckA,견자희 스튜디오
UCByiP0JSmUCaJSYy_Liy0-w,http://www.youtube.com/channel/UCByiP0JSmUCaJSYy_Liy0-w,DRUMMATE
UCC8g-rWfRvTzdz4uwybpbuw,http://www.youtube.com/channel/UCC8g-rWfRvTzdz4uwybpbuw,야금야금♬
UCC9pQY_uaBSa0WOpMNJHbEQ,http://www.youtube.com/channel/UCC9pQY_uaBSa0WOpMNJHbEQ,자취요리신 simple cooking
UCCMuQKVsZbwQtHMRtIi2Dag,http://www.youtube.com/channel/UCCMuQKVsZbwQtHMRtIi2Dag,Sabin 토목공학
UCCRT-RmRQLlf3HX_45WiveQ,http://www.youtube.com/channel/UCCRT-RmRQLlf3HX_45WiveQ,잠박사N 자연소리 JAMBAKSA Nature
UCCcE8BpgFqKRP3au8tEUrAw,http://www.youtube.com/channel/UCCcE8BpgFqKRP3au8tEUrAw,POWER MOVIE
UCCkqBZa0JUbaYUu4TWyvsNw,http://www.youtube.com/channel/UCCkqBZa0JUbaYUu4TWyvsNw,양아지 다시보기
UCCtSXlnXSEvURZRKWwoDjIA,http://www.youtube.com/channel/UCCtSXlnXSEvURZRKWwoDjIA,전주대 인공지능혁신공유대학 서포터즈
UCD2KROktGHeRad9_Eolc3EQ,http://www.youtube.com/channel/UCD2KROktGHeRad9_Eolc3EQ,제주커플jeju-couple
UCDBvugWtRfSaUNMmORymq7Q,http://www.youtube.com/channel/UCDBvugWtRfSaUNMmORymq7Q,쵸단
UCDHh6-ls8K4US6FbgTxrcog,http://www.youtube.com/channel/UCDHh6-ls8K4US6FbgTxrcog,milk 3026
UCDJrfds6n1U8U8itaDF4rcA,http://www.youtube.com/channel/UCDJrfds6n1U8U8itaDF4rcA,유히로 Yuhiro
UCDLSzm8dKdsIUH2GkIhO3Lw,http://www.youtube.com/channel/UCDLSzm8dKdsIUH2GkIhO3Lw,20세기 쇼츠
UCDTrfVof-bCXwA6UIp5F6hg,http://www.youtube.com/channel/UCDTrfVof-bCXwA6UIp5F6hg,건빵뮤직 GUNBBANG MUSIC
UCDbMBt3nd8VCZe_g3rD0EsQ,http://www.youtube.com/channel/UCDbMBt3nd8VCZe_g3rD0EsQ,ShE's(쉬즈)
UCDd2WQ-qpZU-Mt9mphLQvvg,http://www.youtube.com/channel/UCDd2WQ-qpZU-Mt9mphLQvvg,랜덤토랑 Randomtaurant
UCDp7T9Gqzvzbjrj9xGxBb9g,http://www.youtube.com/channel/UCDp7T9Gqzvzbjrj9xGxBb9g,코딩가이드a
UCDyc0_OWYXI1WcaMjijHrDA,http://www.youtube.com/channel/UCDyc0_OWYXI1WcaMjijHrDA,피아노캣 [PianoCat]
UCE1K9S9B5qzxCayqRI2JDUQ,http://www.youtube.com/channel/UCE1K9S9B5qzxCayqRI2JDUQ,유찬(Uchan)
UCE4KTf1t3Fx0aIxnVcMc66w,http://www.youtube.com/channel/UCE4KTf1t3Fx0aIxnVcMc66w,이것저것 한교수
UCEf_Bc-KVd7onSeifS3py9g,http://www.youtube.com/channel/UCEf_Bc-KVd7onSeifS3py9g,SMTOWN
UCEgGtXqHZLbwrkR26fxIt8Q,http://www.youtube.com/channel/UCEgGtXqHZLbwrkR26fxIt8Q,안경누나
UCEn8UcA-PNu5ZKr6tZdJ4Kw,http://www.youtube.com/channel/UCEn8UcA-PNu5ZKr6tZdJ4Kw,아구이뽀 A924
UCFCPnelVltyqyjlFQIRjeQg,http://www.youtube.com/channel/UCFCPnelVltyqyjlFQIRjeQg,최요한 드럼 스튜디오
UCFGRlWXTec7-A0v0aSTH0vQ,http://www.youtube.com/channel/UCFGRlWXTec7-A0v0aSTH0vQ,다우소
UCFOixeB9gbedVi6uwnsfHMQ,http://www.youtube.com/channel/UCFOixeB9gbedVi6uwnsfHMQ,1분과학
UCFX6adXoyQKxft933NB3rmA,http://www.youtube.com/channel/UCFX6adXoyQKxft933NB3rmA,테크몽 Techmong
UCFqvKeEMGrJfJPEOafy1v4Q,http://www.youtube.com/channel/UCFqvKeEMGrJfJPEOafy1v4Q,레바스튜디오
UCG66Zd-uypYaf1RLaJcIt3g,http://www.youtube.com/channel/UCG66Zd-uypYaf1RLaJcIt3g,Grab the Guitar
UCGEEx6ACmxB-1Q7cnj1k_Cw,http://www.youtube.com/channel/UCGEEx6ACmxB-1Q7cnj1k_Cw,Be주류K
UCGMn9gYRorP9bmDkC97krxw,http://www.youtube.com/channel/UCGMn9gYRorP9bmDkC97krxw,Magic One Academy [YON]
UCGNHNBm4Cxi_b-rhjmQOxrA,http://www.youtube.com/channel/UCGNHNBm4Cxi_b-rhjmQOxrA,qqzz
UCHE7GBQVtdh-c1m3tjFdevQ,http://www.youtube.com/channel/UCHE7GBQVtdh-c1m3tjFdevQ,징버거 JINGBURGER
UCHLDBhufz9pNEkZogrXpn0w,http://www.youtube.com/channel/UCHLDBhufz9pNEkZogrXpn0w,믹스견 호두마루의 세계정복
UCHNU_M38dGr2-TLLsXK9bKQ,http://www.youtube.com/channel/UCHNU_M38dGr2-TLLsXK9bKQ,퀴즈코리아
UCHTY84u5MRknyGRaiZTOsPA,http://www.youtube.com/channel/UCHTY84u5MRknyGRaiZTOsPA,나 혼자 기타 친다
UCHlGHkavypqZv2QFEcIi4dA,http://www.youtube.com/channel/UCHlGHkavypqZv2QFEcIi4dA,Kidmo Youtube
UCI0Ai1RoRD-b8i-qvRR0Yeg,http://www.youtube.com/channel/UCI0Ai1RoRD-b8i-qvRR0Yeg,설레임 에디션 ♬
UCI4ay_1pw7GRjxnmIll_L6g,http://www.youtube.com/channel/UCI4ay_1pw7GRjxnmIll_L6g,아구RE뽀
UCI6PoO3Sf5sE4DaM_0gvH1g,http://www.youtube.com/channel/UCI6PoO3Sf5sE4DaM_0gvH1g,랄라체르
UCIY5oUCeajc-RrQovJHBp1A,http://www.youtube.com/channel/UCIY5oUCeajc-RrQovJHBp1A,승우아빠 이상채널
UCIf9MAsbvtXYBxRDhcqr4VQ,http://www.youtube.com/channel/UCIf9MAsbvtXYBxRDhcqr4VQ,우와소 Wowcow
UCIhfL5TX-FODmWcX2k1uWHg,http://www.youtube.com/channel/UCIhfL5TX-FODmWcX2k1uWHg,멋사유튜브
UCIiAsSxd21ZGabut95VYYgw,http://www.youtube.com/channel/UCIiAsSxd21ZGabut95VYYgw,꽃감이
UCIk1-yPCTnFuzfgu4gyfWqw,http://www.youtube.com/channel/UCIk1-yPCTnFuzfgu4gyfWqw,과학드림 [Science Dream]
UCIkS9nRF6gxG0ARyp61XUBQ,http://www.youtube.com/channel/UCIkS9nRF6gxG0ARyp61XUBQ,남연희
UCIx9h4Hd-pA8B2j3l7jQBNg,http://www.youtube.com/channel/UCIx9h4Hd-pA8B2j3l7jQBNg,루나비
UCJDEss5wA1ddrCBC40giO8A,http://www.youtube.com/channel/UCJDEss5wA1ddrCBC40giO8A,형독방송
UCJJ_n7RI2ALoo5wdX2qzmYA,http://www.youtube.com/channel/UCJJ_n7RI2ALoo5wdX2qzmYA,수상한생선 Life Science
UCJK07Uk2KY9r78ksPoXg-3g,http://www.youtube.com/channel/UCJK07Uk2KY9r78ksPoXg-3g,3Blue1Brown 한국어
UCJNDuNeldgHr0g5cAjPS75g,http://www.youtube.com/channel/UCJNDuNeldgHr0g5cAjPS75g,다이아몬드의 정석
UCJVwjnd1jioTYIRDNtUD7zg,http://www.youtube.com/channel/UCJVwjnd1jioTYIRDNtUD7zg,국가비상망
UCJYSHaxWbDhYgh-PH0nashw,http://www.youtube.com/channel/UCJYSHaxWbDhYgh-PH0nashw,HAHNS ATELIER
UCJdKOKP1421OIePbR5iGeQQ,http://www.youtube.com/channel/UCJdKOKP1421OIePbR5iGeQQ,야무지개
UCJfWv28yAOyyrjUvEr4iZfA,http://www.youtube.com/channel/UCJfWv28yAOyyrjUvEr4iZfA,JIAERN 
UCJgSTH8ksptyNucZVyMWapw,http://www.youtube.com/channel/UCJgSTH8ksptyNucZVyMWapw,인문학이랑
UCJzfS-WmieHog0H2OQoXkeQ,http://www.youtube.com/channel/UCJzfS-WmieHog0H2OQoXkeQ,임나은
UCKZVeOX_thTfsXwQ8ZN-uLw,http://www.youtube.com/channel/UCKZVeOX_thTfsXwQ8ZN-uLw,[BEKAIN][배카인]
UCKa3iUq4Sfcd0iKI0wkNsNg,http://www.youtube.com/channel/UCKa3iUq4Sfcd0iKI0wkNsNg,코딩국수
UCKdoM5PFpd_02mL6F4t_g0g,http://www.youtube.com/channel/UCKdoM5PFpd_02mL6F4t_g0g,손나노 센세
UCKetFmtqdh-kn915crdf72A,http://www.youtube.com/channel/UCKetFmtqdh-kn915crdf72A,Nino's Home
UCKmZMjDd3k3VValgz-1YEkA,http://www.youtube.com/channel/UCKmZMjDd3k3VValgz-1YEkA,Gewre Gewre
UCKqym7WZq6J6BDJqapiinxw,http://www.youtube.com/channel/UCKqym7WZq6J6BDJqapiinxw,하루한곡
UCKsk33PLuQt22iqAmv1bVyw,http://www.youtube.com/channel/UCKsk33PLuQt22iqAmv1bVyw,HotPlays 핫플레이스
UCKxfI-Z5uZk_SDyY2cyyrQA,http://www.youtube.com/channel/UCKxfI-Z5uZk_SDyY2cyyrQA,맥리
UCL3nb8YN4d1AMVi5pMUGoXA,http://www.youtube.com/channel/UCL3nb8YN4d1AMVi5pMUGoXA,NV3D
UCL9f6gkUTyLVwvSPESFzq4Q,http://www.youtube.com/channel/UCL9f6gkUTyLVwvSPESFzq4Q,윶니 YUJIN
UCL9oC0YZRwuyudZqUrgKw9w,http://www.youtube.com/channel/UCL9oC0YZRwuyudZqUrgKw9w,해봄
UCLFaCqu7-o7NGqn_-uyKPBQ,http://www.youtube.com/channel/UCLFaCqu7-o7NGqn_-uyKPBQ,만득유튜브
UCLJNGmEfcuugzEjLyZ6mKKw,http://www.youtube.com/channel/UCLJNGmEfcuugzEjLyZ6mKKw,프응TV Honeybeefather
UCLKuglhGlMmDteQKoniENIQ,http://www.youtube.com/channel/UCLKuglhGlMmDteQKoniENIQ,14F 일사에프
UCLQRs2S0kGa0ksL1j2818Xg,http://www.youtube.com/channel/UCLQRs2S0kGa0ksL1j2818Xg,둥이키친 DUNGYIKITCHEN
UCLVwgJVAzHwA-zv88mrAeZw,http://www.youtube.com/channel/UCLVwgJVAzHwA-zv88mrAeZw,낄낄상회
UCLqX6D0cDWGqMWToI4MZGDQ,http://www.youtube.com/channel/UCLqX6D0cDWGqMWToI4MZGDQ,원룸만들기
UCLsj_Re3SxtkbZfX_ypY1eQ,http://www.youtube.com/channel/UCLsj_Re3SxtkbZfX_ypY1eQ,수리노을SuriNoel
UCLuDznROytXtnMSDwo5aGJQ,http://www.youtube.com/channel/UCLuDznROytXtnMSDwo5aGJQ,GCL 지씨엘
UCMKrPB54Da-61S2Obt-S3tw,http://www.youtube.com/channel/UCMKrPB54Da-61S2Obt-S3tw,지식스토리 Knowledge Story
UCMLnVs6Kjbil0dRmKJXdkXA,http://www.youtube.com/channel/UCMLnVs6Kjbil0dRmKJXdkXA,팩스토리facstory
UCMiMazsaCAT8Faz_3sDhmmQ,http://www.youtube.com/channel/UCMiMazsaCAT8Faz_3sDhmmQ,연주하는곰탱
UCMm-GOTM_1Y1Z2p5nXXOs0Q,http://www.youtube.com/channel/UCMm-GOTM_1Y1Z2p5nXXOs0Q,Drummer Subin
UCMzpOphbgL44A1dzl6lX0rQ,http://www.youtube.com/channel/UCMzpOphbgL44A1dzl6lX0rQ,풉사과
UCNKam43W5s-LfRMKcd9Jg5Q,http://www.youtube.com/channel/UCNKam43W5s-LfRMKcd9Jg5Q,망개
UCNTgfOlU4-KXa4tliScbh0w,http://www.youtube.com/channel/UCNTgfOlU4-KXa4tliScbh0w,유튜브 쇼츠TV
UCNk9ZNHtLRTk727J1GR6z2w,http://www.youtube.com/channel/UCNk9ZNHtLRTk727J1GR6z2w,네오입니다만
UCNkhG5qyLjz7utVHK5fDIBA,http://www.youtube.com/channel/UCNkhG5qyLjz7utVHK5fDIBA,도르미 Dormi
UCO9alhNmbVwxlVY05qOJP5Q,http://www.youtube.com/channel/UCO9alhNmbVwxlVY05qOJP5Q,너불
UCOC9RyyR2U2CQRWo2VvKD2g,http://www.youtube.com/channel/UCOC9RyyR2U2CQRWo2VvKD2g,CATDADDY_K2J
UCOSIRAqA_Do42d1MuD7KOwg,http://www.youtube.com/channel/UCOSIRAqA_Do42d1MuD7KOwg,Cajon Master
UCOTJtP0Z9DjpPU43B5m1V6A,http://www.youtube.com/channel/UCOTJtP0Z9DjpPU43B5m1V6A,[ALTUBE] 김성현TV
UCOUQzy0yDlZIlFOKLaYLwnw,http://www.youtube.com/channel/UCOUQzy0yDlZIlFOKLaYLwnw,백아무개의 인생
UCOv1v2iptqYMVEwLAIUOhPw,http://www.youtube.com/channel/UCOv1v2iptqYMVEwLAIUOhPw,정브르
UCOy5oxxcBOxW-FV0XhD4FvA,http://www.youtube.com/channel/UCOy5oxxcBOxW-FV0XhD4FvA,"역주행-한국사, 세계사"
UCOysyb5Koa9lTfzq-uK870A,http://www.youtube.com/channel/UCOysyb5Koa9lTfzq-uK870A,cherish채리씨
UCP7X6tY7vr_Umy2VguBsflQ,http://www.youtube.com/channel/UCP7X6tY7vr_Umy2VguBsflQ,웁TV
UCPDr8rEYSjQTrSVYPJclTlw,http://www.youtube.com/channel/UCPDr8rEYSjQTrSVYPJclTlw,오랑의 판타지 사전
UCPHQb5jYhC3pDVE5E3hb32w,http://www.youtube.com/channel/UCPHQb5jYhC3pDVE5E3hb32w,히스토리 라이브러리(히라)
UCPm8UIdXYxHupWMkw01wrUA,http://www.youtube.com/channel/UCPm8UIdXYxHupWMkw01wrUA,Hina 냥뇽녕냥
UCPq8bnkCTYL68u-F309kOjg,http://www.youtube.com/channel/UCPq8bnkCTYL68u-F309kOjg,이예잇
UCPqqyxHmSvJygac5TH52qJw,http://www.youtube.com/channel/UCPqqyxHmSvJygac5TH52qJw,하베
UCQ0XCG4FHzPdz6g_F-Uk9mA,http://www.youtube.com/channel/UCQ0XCG4FHzPdz6g_F-Uk9mA,RYU Russell 러셀
UCQBAwGR-bDODXnnuxdYw_0A,http://www.youtube.com/channel/UCQBAwGR-bDODXnnuxdYw_0A,CherryAndPeach
UCQJuZxeDv2P05YHcC-tIEVQ,http://www.youtube.com/channel/UCQJuZxeDv2P05YHcC-tIEVQ,악어 유튜브
UCQNE2JmbasNYbjGAcuBiRRg,http://www.youtube.com/channel/UCQNE2JmbasNYbjGAcuBiRRg,조코딩 JoCoding
UCQV6pkNkEGBpQXzCh4G19WQ,http://www.youtube.com/channel/UCQV6pkNkEGBpQXzCh4G19WQ,Hyang Ah Chi 향아치
UCQ_JKfRlczE8x304DRszrGA,http://www.youtube.com/channel/UCQ_JKfRlczE8x304DRszrGA,공파리파
UCQeG4Ahxq-OGgvfuEDn7wcg,http://www.youtube.com/channel/UCQeG4Ahxq-OGgvfuEDn7wcg,쉬케치
UCQoCKUR4n4N1EiywXJ9Awig,http://www.youtube.com/channel/UCQoCKUR4n4N1EiywXJ9Awig,Ludbot
UCR-qpXziP5pIqNHFKL-w12g,http://www.youtube.com/channel/UCR-qpXziP5pIqNHFKL-w12g,쿠왕coo king
UCR93_qwfgePfdrJVyqYvVCg,http://www.youtube.com/channel/UCR93_qwfgePfdrJVyqYvVCg,술익는집
UCRMRh7Yx1hTi0BW9JLSWJ4A,http://www.youtube.com/channel/UCRMRh7Yx1hTi0BW9JLSWJ4A,107MUSIC
UCRO-l6Fli7rtpY2O9Y5NIzw,http://www.youtube.com/channel/UCRO-l6Fli7rtpY2O9Y5NIzw,국가유산채널(K-Heritage Channel)
UCROf21hq8wSQjVSbxEvNc4A,http://www.youtube.com/channel/UCROf21hq8wSQjVSbxEvNc4A,최태성 2TV
UCROoP-em3ibseODXfMVWhZQ,http://www.youtube.com/channel/UCROoP-em3ibseODXfMVWhZQ,만들마루_Official
UCRgWKYTqkXQ_K7YtqBqFzDA,http://www.youtube.com/channel/UCRgWKYTqkXQ_K7YtqBqFzDA,노아님 NoahhNim
UCRn_5gI0uqqPMnDywq_SJ-w,http://www.youtube.com/channel/UCRn_5gI0uqqPMnDywq_SJ-w,곤조쌤
UCRo2QRW-vEsQ-Z9ebvlfCSg,http://www.youtube.com/channel/UCRo2QRW-vEsQ-Z9ebvlfCSg,B Hobby
UCRpOIr-NJpK9S483ge20Pgw,http://www.youtube.com/channel/UCRpOIr-NJpK9S483ge20Pgw,코드깎는노인
UCRzS1NJFpMLiLbB0vMJXX4w,http://www.youtube.com/channel/UCRzS1NJFpMLiLbB0vMJXX4w,요리용디 Yori Yongd
UCS0N5baNlQWJCUrhCEo8WlA,http://www.youtube.com/channel/UCS0N5baNlQWJCUrhCEo8WlA,Ben Eater
UCSLrpBAzr-ROVGHQ5EmxnUg,http://www.youtube.com/channel/UCSLrpBAzr-ROVGHQ5EmxnUg,코딩애플
UCSPMRoAphbObUYeDaX367Fg,http://www.youtube.com/channel/UCSPMRoAphbObUYeDaX367Fg,에스오디 SOD
UCSQ55iSysqYErLRDC6ARi9w,http://www.youtube.com/channel/UCSQ55iSysqYErLRDC6ARi9w,티키틱 TIKITIK
UCSSPlgcyDA5eoN3hrkXpvHg,http://www.youtube.com/channel/UCSSPlgcyDA5eoN3hrkXpvHg,고세구의 좀더
UCSWG-hKh0u9tFCoZMRfCfuA,http://www.youtube.com/channel/UCSWG-hKh0u9tFCoZMRfCfuA,뢴트게늄 Roentgenium
UCSdbIEFV-JYtauTkRQHkGtw,http://www.youtube.com/channel/UCSdbIEFV-JYtauTkRQHkGtw,나쫌NaZZom
UCSnQSjVVHs5bHKIpTJ7vqoA,http://www.youtube.com/channel/UCSnQSjVVHs5bHKIpTJ7vqoA,IITERNITI
UCT3CumbFIJiW33uq0UI3zlg,http://www.youtube.com/channel/UCT3CumbFIJiW33uq0UI3zlg,고기남자
UCTQVIXvcHrR9jYoJ6qaBAow,http://www.youtube.com/channel/UCTQVIXvcHrR9jYoJ6qaBAow,M2
UCTifMx1ONpElK5x6B4ng8eg,http://www.youtube.com/channel/UCTifMx1ONpElK5x6B4ng8eg,주르르 JURURU
UCTy-6Pfkmv5fLTMOm04tw4g,http://www.youtube.com/channel/UCTy-6Pfkmv5fLTMOm04tw4g,로빈의 역사 기록 / Robin's Historical Records
UCUEvXLdpCtbzzDkcMI96llg,http://www.youtube.com/channel/UCUEvXLdpCtbzzDkcMI96llg,DAZBEE official
UCUN3ofz1vT-XdzD9eyOlMHw,http://www.youtube.com/channel/UCUN3ofz1vT-XdzD9eyOlMHw,요룰레히
UCUWal6KQ8LFEpxyROeTANiw,http://www.youtube.com/channel/UCUWal6KQ8LFEpxyROeTANiw,ぴにょメインチャンネル
UCUpJs89fSBXNolQGOYKn0YQ,http://www.youtube.com/channel/UCUpJs89fSBXNolQGOYKn0YQ,노마드 코더 Nomad Coders
UCUrb3rKWxPbKqFnXK8vMWwQ,http://www.youtube.com/channel/UCUrb3rKWxPbKqFnXK8vMWwQ,김밀란
UCUtoI2LqtQjkCUsVEkaESpQ,http://www.youtube.com/channel/UCUtoI2LqtQjkCUsVEkaESpQ,왕보라 V0RA KIM
UCV9WL7sW6_KjanYkUUaIDfQ,http://www.youtube.com/channel/UCV9WL7sW6_KjanYkUUaIDfQ,고세구 GOSEGU
UCVB9G7ZrRsKVwOG3_2u1z5w,http://www.youtube.com/channel/UCVB9G7ZrRsKVwOG3_2u1z5w,CooKO 쿠코
UCVC1ZXenKVBt5OnQteXt6uQ,http://www.youtube.com/channel/UCVC1ZXenKVBt5OnQteXt6uQ,주식전략센터: 부자되는 길
UCVH3JpCf64IEeE0xQbXkUIQ,http://www.youtube.com/channel/UCVH3JpCf64IEeE0xQbXkUIQ,하루 말씀
UCVryWqJ4cSlbTSETBHpBUWw,http://www.youtube.com/channel/UCVryWqJ4cSlbTSETBHpBUWw,Phil’s Lab
UCWF-ZvXiNjknyz-YSsRJsQw,http://www.youtube.com/channel/UCWF-ZvXiNjknyz-YSsRJsQw,다빈치노트
UCWGEyqj4lnOCFRXi4w-NwAQ,http://www.youtube.com/channel/UCWGEyqj4lnOCFRXi4w-NwAQ,"떠먹여주는 영어 ""떠먹영"""
UCWZ8ddt3iKh6Q-HJZebsPGQ,http://www.youtube.com/channel/UCWZ8ddt3iKh6Q-HJZebsPGQ,하나나 다시보기
UCWsL51tU45bO2b66qX8NGVg,http://www.youtube.com/channel/UCWsL51tU45bO2b66qX8NGVg,다이마니아 DIY Mania
UCX0Qk4QtPOlEwBmsbIG4vOg,http://www.youtube.com/channel/UCX0Qk4QtPOlEwBmsbIG4vOg,리뷰야놀자
UCXEKwWflysXu312NmIP_dlw,http://www.youtube.com/channel/UCXEKwWflysXu312NmIP_dlw,너덜트
UCXGXTy_GDJAlRTk9ypTHNKQ,http://www.youtube.com/channel/UCXGXTy_GDJAlRTk9ypTHNKQ,김치와 바게뜨 / Kimchi & Baguette
UCXGh59C0ilyfsJaO59uR5Yw,http://www.youtube.com/channel/UCXGh59C0ilyfsJaO59uR5Yw,모지
UCXTqmMN0BuIVhk6v2BQlGoQ,http://www.youtube.com/channel/UCXTqmMN0BuIVhk6v2BQlGoQ,장박사의 구매중독
UCXZODEQNcSYg5M8HxUzVt5Q,http://www.youtube.com/channel/UCXZODEQNcSYg5M8HxUzVt5Q,make it now
UCXiUzpayY0TH9JRedTpcxRA,http://www.youtube.com/channel/UCXiUzpayY0TH9JRedTpcxRA,김렌더
UCXpG-v3jnUc7t47xgdBq8HA,http://www.youtube.com/channel/UCXpG-v3jnUc7t47xgdBq8HA,강팔춘
UCXqljAQjMc-U8fvcOV2YmNA,http://www.youtube.com/channel/UCXqljAQjMc-U8fvcOV2YmNA,drumtab
UCXrcaLvlcpwtY6vUXEpB3aw,http://www.youtube.com/channel/UCXrcaLvlcpwtY6vUXEpB3aw,에디 리 영어
UCYMG6ButVUpNPl1u8bF-YvQ,http://www.youtube.com/channel/UCYMG6ButVUpNPl1u8bF-YvQ,ArTech
UCYMWMtXQPtWHKcxeay8cMuQ,http://www.youtube.com/channel/UCYMWMtXQPtWHKcxeay8cMuQ,차트프로
UCYRrUD5v5j_Ei8sKOo7mhoQ,http://www.youtube.com/channel/UCYRrUD5v5j_Ei8sKOo7mhoQ,엠빅뉴스
UCY_tYmndcIn_PtSEp_dVh8Q,http://www.youtube.com/channel/UCY_tYmndcIn_PtSEp_dVh8Q,민바크의 게임제작
UCYn09ySlShmzBtYwl1OgOsA,http://www.youtube.com/channel/UCYn09ySlShmzBtYwl1OgOsA,CheezeFilm
UCYtNLZ4RP8omK8KGPc8Fv2g,http://www.youtube.com/channel/UCYtNLZ4RP8omK8KGPc8Fv2g,PARTISAN
UCYuiS1EYw54dEJVzseQSYXw,http://www.youtube.com/channel/UCYuiS1EYw54dEJVzseQSYXw,별별역사
UCZ-B_El841ME7qGXvYinGmw,http://www.youtube.com/channel/UCZ-B_El841ME7qGXvYinGmw,밤까마귀
UCZ98orcuVKqnkaoyk0KE08Q,http://www.youtube.com/channel/UCZ98orcuVKqnkaoyk0KE08Q,WBeat Covers
UCZKW70NJPJ8BKQKbfzObXaQ,http://www.youtube.com/channel/UCZKW70NJPJ8BKQKbfzObXaQ,눌쓰채널noolschannel
UCZOcwheypMvYN_J2oRBgt2A,http://www.youtube.com/channel/UCZOcwheypMvYN_J2oRBgt2A,왁타버스 ZERO
UCZTavrg2A43lQMWxiK3yu7g,http://www.youtube.com/channel/UCZTavrg2A43lQMWxiK3yu7g,한세 HANSE
UCZaarGiwxVusY_jQlnftbIA,http://www.youtube.com/channel/UCZaarGiwxVusY_jQlnftbIA,지뻔뻔
UCZazbj3Lu47aQ8kiEmPo7UQ,http://www.youtube.com/channel/UCZazbj3Lu47aQ8kiEmPo7UQ,카드마술연구소
UCZdBJIbJz0P9xyFipgOj1fA,http://www.youtube.com/channel/UCZdBJIbJz0P9xyFipgOj1fA,YTN 사이언스
UCZr3cu75jx6Sz-6KRQ50ySA,http://www.youtube.com/channel/UCZr3cu75jx6Sz-6KRQ50ySA,널 위한 문화예술
UC_5FbCv1_hRv0_KUDxGQZgA,http://www.youtube.com/channel/UC_5FbCv1_hRv0_KUDxGQZgA,우리수현이
UC_8GOc5dWX2Kpb74_nQ7vSQ,http://www.youtube.com/channel/UC_8GOc5dWX2Kpb74_nQ7vSQ,러끼
UC_AWKILRTzZfUqNfLbsrnqA,http://www.youtube.com/channel/UC_AWKILRTzZfUqNfLbsrnqA,클래스메소드코리아
UC_BVJYxQxN5jberGxAFDlyg,http://www.youtube.com/channel/UC_BVJYxQxN5jberGxAFDlyg,은수저
UC_SgaM1zbb1Mibnsp6J0fJA,http://www.youtube.com/channel/UC_SgaM1zbb1Mibnsp6J0fJA,기묘한 밤
UC_obLLzEBMtW0CeVsDG5b5Q,http://www.youtube.com/channel/UC_obLLzEBMtW0CeVsDG5b5Q,단즈
UCaHGOzOyeYzLQeKsVkfLEGA,http://www.youtube.com/channel/UCaHGOzOyeYzLQeKsVkfLEGA,지무비 : G Movie
UCabon80hORhtGhnqClyeixQ,http://www.youtube.com/channel/UCabon80hORhtGhnqClyeixQ,김광연
UCaxbXRPhdHPXjM-e-F00LVA,http://www.youtube.com/channel/UCaxbXRPhdHPXjM-e-F00LVA,띱 Deep
UCbMN1fD8i1UVr02HNQyxe5Q,http://www.youtube.com/channel/UCbMN1fD8i1UVr02HNQyxe5Q,칩chip-Two
UCbsHYIZwk9pZIMp53ciDjOw,http://www.youtube.com/channel/UCbsHYIZwk9pZIMp53ciDjOw,JazzNe
UCc0_4m8a-YtBHEcYwjEnbxw,http://www.youtube.com/channel/UCc0_4m8a-YtBHEcYwjEnbxw,makeUmove
UCc4qGj6d8LBXW2qZ9GZQWqQ,http://www.youtube.com/channel/UCc4qGj6d8LBXW2qZ9GZQWqQ,밥친구 고세구
UCcAgA9V_zOtGW-0SBt1dEJA,http://www.youtube.com/channel/UCcAgA9V_zOtGW-0SBt1dEJA,시끌법적
UCcelwFj1wCx54A-KDVANwpg,http://www.youtube.com/channel/UCcelwFj1wCx54A-KDVANwpg,지식이만배
UCcg0MWjhfzxE-Wil6HP0OxQ,http://www.youtube.com/channel/UCcg0MWjhfzxE-Wil6HP0OxQ,공학적인 사고방식
UCcpAAfKWfnVXViVwfjc2q-A,http://www.youtube.com/channel/UCcpAAfKWfnVXViVwfjc2q-A,HARI (연하리)
UCcprSAD3Uc5eArVXFo1afVQ,http://www.youtube.com/channel/UCcprSAD3Uc5eArVXFo1afVQ,유나 뮤직박스: YUNA MUSICBOX
UCd4FmcWIVdWAy0-Q8OJBloQ,http://www.youtube.com/channel/UCd4FmcWIVdWAy0-Q8OJBloQ,사나고 Sanago
UCd5eH6z0Y87JLwNxo9wd17A,http://www.youtube.com/channel/UCd5eH6z0Y87JLwNxo9wd17A,Time Music
UCd8Mg-WKnzIS7fxPMCZDinA,http://www.youtube.com/channel/UCd8Mg-WKnzIS7fxPMCZDinA,TAEDO
UCdKOVRMO2P-S7OlKapxWkgw,http://www.youtube.com/channel/UCdKOVRMO2P-S7OlKapxWkgw,지금이재철 [LEESZN]
UCdZ2Bja2PeXWul_r88E9p-g,http://www.youtube.com/channel/UCdZ2Bja2PeXWul_r88E9p-g,NoiseSymphony 성경창조역사
UCdjuQV-tsX4eJsQp2qT-NKg,http://www.youtube.com/channel/UCdjuQV-tsX4eJsQp2qT-NKg,퍄퍄킴 역사
UCdklEvpqkr8_iN13ATR2TVA,http://www.youtube.com/channel/UCdklEvpqkr8_iN13ATR2TVA,또 오해원
UCdlRwlBDCiAhnp2nq9QWbcw,http://www.youtube.com/channel/UCdlRwlBDCiAhnp2nq9QWbcw,상어오브뮤직
UCdmELsojtRwIp0h_Fj5rz1w,http://www.youtube.com/channel/UCdmELsojtRwIp0h_Fj5rz1w,Official EIVE
UCdnnPT5tB2Wx-LeOe4mu8Dw,http://www.youtube.com/channel/UCdnnPT5tB2Wx-LeOe4mu8Dw,Armin Hirmer
UCdqBpUglsQXOL3aBJpxnIIw,http://www.youtube.com/channel/UCdqBpUglsQXOL3aBJpxnIIw,Elina Karimova_리나대장
UCdtRAcd3L_UpV4tMXCw63NQ,http://www.youtube.com/channel/UCdtRAcd3L_UpV4tMXCw63NQ,피지컬갤러리
UCe9yojyoSx1j7AXNPQNFPkQ,http://www.youtube.com/channel/UCe9yojyoSx1j7AXNPQNFPkQ,콩치따치
UCeINfsQ0n20lI-_4K6ChGQw,http://www.youtube.com/channel/UCeINfsQ0n20lI-_4K6ChGQw,ItsAMoney
UCeRXqgelhLcVdbYcIJ6eVjQ,http://www.youtube.com/channel/UCeRXqgelhLcVdbYcIJ6eVjQ,린온에일린 Lean on Aileen
UCe_56kQF1IGSZv1_5FWtVDQ,http://www.youtube.com/channel/UCe_56kQF1IGSZv1_5FWtVDQ,Charming Jo 조매력
UCefkahbVepsvh2fv5xpYjLA,http://www.youtube.com/channel/UCefkahbVepsvh2fv5xpYjLA,마끼아또
UCf6_sB2Wl1qHMA9xgCQoB0A,http://www.youtube.com/channel/UCf6_sB2Wl1qHMA9xgCQoB0A,이신혁
UCfJvjZ4pYpxNQQEevBuY_XQ,http://www.youtube.com/channel/UCfJvjZ4pYpxNQQEevBuY_XQ,네루짱NERU
UCfU5N61VKvMJUsUzfaqk0Hg,http://www.youtube.com/channel/UCfU5N61VKvMJUsUzfaqk0Hg,써에이스쇼 sirace show
UCf_u4IxQPJiet56wSq6g6GA,http://www.youtube.com/channel/UCf_u4IxQPJiet56wSq6g6GA,恋と嘘
UCfkJPpDJHNFrnEIE7_Uv8Cg,http://www.youtube.com/channel/UCfkJPpDJHNFrnEIE7_Uv8Cg,오해단
UCg622HxfWD3Q71WSt6x0gyg,http://www.youtube.com/channel/UCg622HxfWD3Q71WSt6x0gyg,아야금AYAGEUM
UCgGvSg2lscdNUx9ZJIBh9FQ,http://www.youtube.com/channel/UCgGvSg2lscdNUx9ZJIBh9FQ,봉인 풀린 주르르
UCgOrq46HHPLETItXdQzG0Og,http://www.youtube.com/channel/UCgOrq46HHPLETItXdQzG0Og,간다효
UCgh4xQtY4oX6Lh4fz8g3P3g,http://www.youtube.com/channel/UCgh4xQtY4oX6Lh4fz8g3P3g,유머티즈
UCgsffS7MfKL6YU3r_U3E-aA,http://www.youtube.com/channel/UCgsffS7MfKL6YU3r_U3E-aA,승우아빠
UCgsgpELbaTiGjCHIjHVF8uQ,http://www.youtube.com/channel/UCgsgpELbaTiGjCHIjHVF8uQ,TV생물도감
UCgwho5LJTUFaZsLmXnt1Mlw,http://www.youtube.com/channel/UCgwho5LJTUFaZsLmXnt1Mlw,마법소년  김셰프
UCh21enuxt6axA0nkT6y4J2Q,http://www.youtube.com/channel/UCh21enuxt6axA0nkT6y4J2Q,HUP!
UCh5fq7hwqtfUGzuzUrOQuUg,http://www.youtube.com/channel/UCh5fq7hwqtfUGzuzUrOQuUg,견자희 리플레이
UChCqDNXQddSr0ncjs_78duA,http://www.youtube.com/channel/UChCqDNXQddSr0ncjs_78duA,우왁굳의 종합게임
UChz22HSOL_VzQS8IyS47sYQ,http://www.youtube.com/channel/UChz22HSOL_VzQS8IyS47sYQ,IYF NEW ZEALAND
UCi2OKQhSmHN1nfxh3tkocGw,http://www.youtube.com/channel/UCi2OKQhSmHN1nfxh3tkocGw,beatcook 비트쿡
UCi3BnqSK4DPzRj8szUeLIQA,http://www.youtube.com/channel/UCi3BnqSK4DPzRj8szUeLIQA,하나나 Hanana
UCiqVLs-78IPDoZQASnFNDXA,http://www.youtube.com/channel/UCiqVLs-78IPDoZQASnFNDXA,도레민지
UCj0ElpMSiesbvyed1SZ-brw,http://www.youtube.com/channel/UCj0ElpMSiesbvyed1SZ-brw,유준호
UCj0NIYqDMNA8PIBhSb__uZw,http://www.youtube.com/channel/UCj0NIYqDMNA8PIBhSb__uZw,오해원을 원해오
UCj1SJC9A1IB0P5rjoUgxkWw,http://www.youtube.com/channel/UCj1SJC9A1IB0P5rjoUgxkWw,꽝나보
UCj3z0PjebXci1GZPrskViZQ,http://www.youtube.com/channel/UCj3z0PjebXci1GZPrskViZQ,숏댓구알
UCjLam2TWjQ2BG0y0H4Q9RbQ,http://www.youtube.com/channel/UCjLam2TWjQ2BG0y0H4Q9RbQ,남봉
UCjZy8afeI-58sPLgJIOmecg,http://www.youtube.com/channel/UCjZy8afeI-58sPLgJIOmecg,Youtube고차비
UCj_tIjTX97Epp_nRcdUOguQ,http://www.youtube.com/channel/UCj_tIjTX97Epp_nRcdUOguQ,HAKU0089
UCkIM6c5zUGcEaLhBgUfYwJg,http://www.youtube.com/channel/UCkIM6c5zUGcEaLhBgUfYwJg,마로군
UCkQFRBUPh5mcF1kca4f_DvQ,http://www.youtube.com/channel/UCkQFRBUPh5mcF1kca4f_DvQ,허니츄러스 HoneyChurros
UCkVryTZ51DxlGyD6s-aJr_Q,http://www.youtube.com/channel/UCkVryTZ51DxlGyD6s-aJr_Q,Logical 로지컬
UCkXo4uZcFUXaJWTDTmU3WnA,http://www.youtube.com/channel/UCkXo4uZcFUXaJWTDTmU3WnA,낮달
UCkbOLFrc6ozx39Wxt5dclag,http://www.youtube.com/channel/UCkbOLFrc6ozx39Wxt5dclag,박스카혼 Park's Cajon
UCkfcA6mC8MxcHu43i0HyIKQ,http://www.youtube.com/channel/UCkfcA6mC8MxcHu43i0HyIKQ,조선바드 판다랑
UCktQwLZ0nYROdGpo5rtD3fA,http://www.youtube.com/channel/UCktQwLZ0nYROdGpo5rtD3fA,피아노키위즈
UCl4YfC9MrNKiibktfQ6_CKg,http://www.youtube.com/channel/UCl4YfC9MrNKiibktfQ6_CKg,이느궈느
UClWx6swfFdNod4hMeT27BBA,http://www.youtube.com/channel/UClWx6swfFdNod4hMeT27BBA,나는식물원에살고있다
UClaCeJ5-b5g_p00XjkeV9NA,http://www.youtube.com/channel/UClaCeJ5-b5g_p00XjkeV9NA,정브르_게임채널
UClb3hP4Oc5hcN_3UjvJMIpw,http://www.youtube.com/channel/UClb3hP4Oc5hcN_3UjvJMIpw,Fami 。
UCld0ctlFo2S8ym0-RT_Fhig,http://www.youtube.com/channel/UCld0ctlFo2S8ym0-RT_Fhig,에드워드권-집콕집쿡
UCleDzaR9FJ0hvc8GLFGOE1w,http://www.youtube.com/channel/UCleDzaR9FJ0hvc8GLFGOE1w,가즈아
UClfR70cO8tFZHNCbBZsMw0Q,http://www.youtube.com/channel/UClfR70cO8tFZHNCbBZsMw0Q,서울리안 SEOULiAN
UClkZfse00Rl226AJ7V5Hl4w,http://www.youtube.com/channel/UClkZfse00Rl226AJ7V5Hl4w,고독한 낭독회
UClrKpnEehrQydacUHBptWcw,http://www.youtube.com/channel/UClrKpnEehrQydacUHBptWcw,잠박사 JAMBAKSA
UCmAT2nOQB0ofAhlc7_2P8GA,http://www.youtube.com/channel/UCmAT2nOQB0ofAhlc7_2P8GA,YOUNHA OFFICIAL
UCmCNgLHdknmCdQelpwxQvvg,http://www.youtube.com/channel/UCmCNgLHdknmCdQelpwxQvvg,쫀득TV
UCmHltryGykfakS-JmaxrNBg,http://www.youtube.com/channel/UCmHltryGykfakS-JmaxrNBg,데친 숙주나물
UCmLiSrat4HW2k07ahKEJo4w,http://www.youtube.com/channel/UCmLiSrat4HW2k07ahKEJo4w,스튜디오 그냥
UCmMxEFwIOMGGoThkmtZZOvQ,http://www.youtube.com/channel/UCmMxEFwIOMGGoThkmtZZOvQ,양아지
UCmTirt4GHaPXVBDOYfW3nDg,http://www.youtube.com/channel/UCmTirt4GHaPXVBDOYfW3nDg,Studio G
UCmfs55GxQRYwF30XsuKHYFQ,http://www.youtube.com/channel/UCmfs55GxQRYwF30XsuKHYFQ,채리리
UCmgRYMK5d65PbjN8qkjAUBA,http://www.youtube.com/channel/UCmgRYMK5d65PbjN8qkjAUBA,과학쿠키 [Science Cookie]
UCmhyY5A1fH6JLGCrGOUYQCg,http://www.youtube.com/channel/UCmhyY5A1fH6JLGCrGOUYQCg,끼발산
UCmr2POLRYCG61do6Fu_OSnw,http://www.youtube.com/channel/UCmr2POLRYCG61do6Fu_OSnw,와빌
UCn-tv7gxp3fGb_qwVdZkMqw,http://www.youtube.com/channel/UCn-tv7gxp3fGb_qwVdZkMqw,키티시바
UCn4YsP7BKuJKNWRL-N6L5lA,http://www.youtube.com/channel/UCn4YsP7BKuJKNWRL-N6L5lA,북선생 열드럼 - Yeol's Drum
UCn5uvvTSxRZF56g70dpfiog,http://www.youtube.com/channel/UCn5uvvTSxRZF56g70dpfiog,윤이샘
UCnUAyD4t2LkvW68YrDh7fDg,http://www.youtube.com/channel/UCnUAyD4t2LkvW68YrDh7fDg,NMIXX
UCndwhvyE_fh6N8rGdXSXn9Q,http://www.youtube.com/channel/UCndwhvyE_fh6N8rGdXSXn9Q,시미베
UCneOmV-ve3Tm9Fn52e9bRnQ,http://www.youtube.com/channel/UCneOmV-ve3Tm9Fn52e9bRnQ,Tutorials View+
UCo28fS0LmlcyPcKItrZMPiQ,http://www.youtube.com/channel/UCo28fS0LmlcyPcKItrZMPiQ,주르르 다시보기
UCo77zdYpvhgUsdP0Z0vmz2g,http://www.youtube.com/channel/UCo77zdYpvhgUsdP0Z0vmz2g,에러404
UCo8axZ01Hwn1i0q1D0gMF_A,http://www.youtube.com/channel/UCo8axZ01Hwn1i0q1D0gMF_A,maker.moekoe
UCo9cc2DG5byC6xTpdrGRp1A,http://www.youtube.com/channel/UCo9cc2DG5byC6xTpdrGRp1A,Saite [사이테]
UCoQdmjJqF0pa6I0TVdZiqYg,http://www.youtube.com/channel/UCoQdmjJqF0pa6I0TVdZiqYg,쇼핑
UCoVz66yWHzVsXAFG8WhJK9g,http://www.youtube.com/channel/UCoVz66yWHzVsXAFG8WhJK9g,KBO
UCo_HoRbsUDjxrXHt438ZDTA,http://www.youtube.com/channel/UCo_HoRbsUDjxrXHt438ZDTA,하루드럼
UCoccReR52pL2nOg9jQr6p3A,http://www.youtube.com/channel/UCoccReR52pL2nOg9jQr6p3A,Gaci
UCoia32w0uXTvIj-eAb7kaNw,http://www.youtube.com/channel/UCoia32w0uXTvIj-eAb7kaNw,태태맛집
UColky_gq_ZCb2GO9h_ABdbQ,http://www.youtube.com/channel/UColky_gq_ZCb2GO9h_ABdbQ,misodrum
UConOmISJY0oZHRhWGyvdQ2A,http://www.youtube.com/channel/UConOmISJY0oZHRhWGyvdQ2A,핑맨
UCoqd8VRP_nXk33G5PJrJ46Q,http://www.youtube.com/channel/UCoqd8VRP_nXk33G5PJrJ46Q,배고픈 원숭이의 경제 공부
UCoxT1kQSLq564FwpK473w-g,http://www.youtube.com/channel/UCoxT1kQSLq564FwpK473w-g,크랩 KLAB
UCp7zejVz5E2vozPhRf4aeMw,http://www.youtube.com/channel/UCp7zejVz5E2vozPhRf4aeMw,미뇨끼
UCp94pzrtA5wPyZazbDq0CXA,http://www.youtube.com/channel/UCp94pzrtA5wPyZazbDq0CXA,긱블 Geekble
UCpCDWhxnnfkLifhKkz8M11g,http://www.youtube.com/channel/UCpCDWhxnnfkLifhKkz8M11g,재미있게 좀 살자TV
UCpZUM8lQBdgzo3avQqtmQvw,http://www.youtube.com/channel/UCpZUM8lQBdgzo3avQqtmQvw,북툰
UCp_jHNjcoiXC7SlElrBmzBA,http://www.youtube.com/channel/UCp_jHNjcoiXC7SlElrBmzBA,릴파의 종합게임
UCpgYdmJamR0f3KRGspxSRfg,http://www.youtube.com/channel/UCpgYdmJamR0f3KRGspxSRfg,카린야 Calinya
UCpjFOXzv4EiORo2svbB0ogQ,http://www.youtube.com/channel/UCpjFOXzv4EiORo2svbB0ogQ,도차비&호요리
UCpjm6R2yqu1GZjYtsIiXR5w,http://www.youtube.com/channel/UCpjm6R2yqu1GZjYtsIiXR5w,odg
UCpouQk-eovFHNev2irAHXaQ,http://www.youtube.com/channel/UCpouQk-eovFHNev2irAHXaQ,YNP
UCpvkZT0GdMy7VftkpUeulEQ,http://www.youtube.com/channel/UCpvkZT0GdMy7VftkpUeulEQ,잼스기타
UCqUvPiIkV6fnzOGXmiiUL4A,http://www.youtube.com/channel/UCqUvPiIkV6fnzOGXmiiUL4A,퇴근남유경우
UCqcJO4Ce5zjyO9ohCp00nuA,http://www.youtube.com/channel/UCqcJO4Ce5zjyO9ohCp00nuA,박다혜dahye
UCqdpJERE1l0J-mSIYsrDUmw,http://www.youtube.com/channel/UCqdpJERE1l0J-mSIYsrDUmw,Yuni Marimba 유니 마림바
UCqppvtzI0jIlGgJ-Cc1qitg,http://www.youtube.com/channel/UCqppvtzI0jIlGgJ-Cc1qitg,스튜디오에그 STUDIO EGG
UCrBpV_pG2kyMMEHCMTNzjAQ,http://www.youtube.com/channel/UCrBpV_pG2kyMMEHCMTNzjAQ,리뷰엉이: Owl's Review
UCrN7Gb8xIZF_0ZYA1cmVNxQ,http://www.youtube.com/channel/UCrN7Gb8xIZF_0ZYA1cmVNxQ,징버거의 다시부기
UCrRZxS5_tl9T98iVdH_-caw,http://www.youtube.com/channel/UCrRZxS5_tl9T98iVdH_-caw,Rrrr Music 啊 音樂
UCrZpcsm1OVzHRJswMxJ2lzg,http://www.youtube.com/channel/UCrZpcsm1OVzHRJswMxJ2lzg,잠골버스
UCrn5CaT8RoeFGpWJdmO4OwA,http://www.youtube.com/channel/UCrn5CaT8RoeFGpWJdmO4OwA,만원요리 최씨남매
UCroM00J2ahCN6k-0-oAiDxg,http://www.youtube.com/channel/UCroM00J2ahCN6k-0-oAiDxg,아이네 INE
UCs-fnRl8JjhbMax7wRb9jwA,http://www.youtube.com/channel/UCs-fnRl8JjhbMax7wRb9jwA,데이터다람쥐
UCs1R9zP6rH2GlTNHUI5SBkw,http://www.youtube.com/channel/UCs1R9zP6rH2GlTNHUI5SBkw,승우아빠 일상채널
UCs2Xfykq6ONapqI6TFKNyOg,http://www.youtube.com/channel/UCs2Xfykq6ONapqI6TFKNyOg,ChooChoo's Story
UCs4oAFxhxxVhtW-_ApKtkLQ,http://www.youtube.com/channel/UCs4oAFxhxxVhtW-_ApKtkLQ,하뉴
UCs6EwgxKLY9GG4QNUrP5hoQ,http://www.youtube.com/channel/UCs6EwgxKLY9GG4QNUrP5hoQ,비챤 VIichan
UCsGLW4nIVSnA6ILpGQHfYow,http://www.youtube.com/channel/UCsGLW4nIVSnA6ILpGQHfYow,게디일
UCsRP1UhbCU6jwES3qRP_x3Q,http://www.youtube.com/channel/UCsRP1UhbCU6jwES3qRP_x3Q,다두이노
UCsc6HwSjfU8ig2spLjAtAig,http://www.youtube.com/channel/UCsc6HwSjfU8ig2spLjAtAig,마왕의 심연
UCszFjh7CEfwDb7UUGb4RzCQ,http://www.youtube.com/channel/UCszFjh7CEfwDb7UUGb4RzCQ,짤툰
UCt1PknD4WU2FgJlWEQpvghQ,http://www.youtube.com/channel/UCt1PknD4WU2FgJlWEQpvghQ,국립공주박물관
UCt2wAAXgm87ACiQnDHQEW6Q,http://www.youtube.com/channel/UCt2wAAXgm87ACiQnDHQEW6Q,테디노트 TeddyNote
UCtCgJ6RAwOHQK15FitaLgoQ,http://www.youtube.com/channel/UCtCgJ6RAwOHQK15FitaLgoQ,하이틴에이저 Hi-teenager
UCtCiO5t2voB14CmZKTkIzPQ,http://www.youtube.com/channel/UCtCiO5t2voB14CmZKTkIzPQ,딩고 뮤직 / dingo music
UCtVg4Qkf2bxbx-rWeB1Xd0Q,http://www.youtube.com/channel/UCtVg4Qkf2bxbx-rWeB1Xd0Q,ChaChaPiano차차와피아노놀이
UCtYLUTtgS3k1Fg4y5tAhLbw,http://www.youtube.com/channel/UCtYLUTtgS3k1Fg4y5tAhLbw,StatQuest with Josh Starmer
UCt_fW6sxpDGRmh_gpmZFfvQ,http://www.youtube.com/channel/UCt_fW6sxpDGRmh_gpmZFfvQ,Jenny Lee Flute 플루트 이설
UCtby6rJtBGgUm-2oD_E7bzw,http://www.youtube.com/channel/UCtby6rJtBGgUm-2oD_E7bzw,Cooking tree 쿠킹트리
UCtjBNJ4UbuWGLe-415urMOw,http://www.youtube.com/channel/UCtjBNJ4UbuWGLe-415urMOw,휘용의 취미생활
UCtkfOeIQMGxTmp_lPkrNoLw,http://www.youtube.com/channel/UCtkfOeIQMGxTmp_lPkrNoLw,양노을
UCuFPSjA2e1vb3UZDRFlG9kw,http://www.youtube.com/channel/UCuFPSjA2e1vb3UZDRFlG9kw,2COLOR투컬러
UCuJUfqThFp5-k-lrHcO1dFg,http://www.youtube.com/channel/UCuJUfqThFp5-k-lrHcO1dFg,비챤의 나랑놀아
UCuLg96BWDRN8R920G1ecblw,http://www.youtube.com/channel/UCuLg96BWDRN8R920G1ecblw,새옴
UCuPeQ50gyXAl_70p0UT7WAQ,http://www.youtube.com/channel/UCuPeQ50gyXAl_70p0UT7WAQ,공돌이 용달
UCuvebGwQH72NPWjkrCRE9rA,http://www.youtube.com/channel/UCuvebGwQH72NPWjkrCRE9rA,어반비즈TV
UCuvnuWiY0ImG50zTz3fxgCA,http://www.youtube.com/channel/UCuvnuWiY0ImG50zTz3fxgCA,역사여행 사적돌 KoreaHistoryTravel
UCv50vqaNYubTfuOvvH1cuAg,http://www.youtube.com/channel/UCv50vqaNYubTfuOvvH1cuAg,Cha Dabin
UCvBTNLGRybJCWsZNKdwsSlg,http://www.youtube.com/channel/UCvBTNLGRybJCWsZNKdwsSlg,플로우의 펜돌리기 연구실
UCvFBlZPInHWf8eE4WUkKS6A,http://www.youtube.com/channel/UCvFBlZPInHWf8eE4WUkKS6A,꽃감이 GAME l DRX YuRiHaNa
UCvK--hbdMSweh6ExmiY4ljA,http://www.youtube.com/channel/UCvK--hbdMSweh6ExmiY4ljA,1분 뮤지컬
UCvTfnhm48FQvBTFVLaa4NRg,http://www.youtube.com/channel/UCvTfnhm48FQvBTFVLaa4NRg,드럼왕
UCvnimHDf95kbl9Jmn_MgRYQ,http://www.youtube.com/channel/UCvnimHDf95kbl9Jmn_MgRYQ,울트라꿀팁
UCvsJc7Xq0m_TdSs-YGfPg1Q,http://www.youtube.com/channel/UCvsJc7Xq0m_TdSs-YGfPg1Q,역사돋보기 이영
UCw3PQjMe2Xjhs9fBBAhchkg,http://www.youtube.com/channel/UCw3PQjMe2Xjhs9fBBAhchkg,有村泰志 ArimuraTaishi
UCwO05xFB08uMFVFc7zh4zgg,http://www.youtube.com/channel/UCwO05xFB08uMFVFc7zh4zgg,원스아뜰리에 가죽공방
UCwYnaLQXqhEhZOe23iWpz0Q,http://www.youtube.com/channel/UCwYnaLQXqhEhZOe23iWpz0Q,진화아들
UCw_N-Q_eYJo-IJFbNkhiYDA,http://www.youtube.com/channel/UCw_N-Q_eYJo-IJFbNkhiYDA,골드메탈
UCwbV1lfgV-7ZamC-dyi6grA,http://www.youtube.com/channel/UCwbV1lfgV-7ZamC-dyi6grA,LaLaRC [라라RC]
UCwhUCt2Xt1j2snLXh19iUKQ,http://www.youtube.com/channel/UCwhUCt2Xt1j2snLXh19iUKQ,주땡쓰 JuThanks
UCwk-TaC8rgj7BMzxY3Zu4UQ,http://www.youtube.com/channel/UCwk-TaC8rgj7BMzxY3Zu4UQ,장재훈 Jaehoon Jang
UCwl9OALh8IMwSv_kFdHlMDA,http://www.youtube.com/channel/UCwl9OALh8IMwSv_kFdHlMDA,다흑
UCwx6n_4OcLgzAGdty0RWCoA,http://www.youtube.com/channel/UCwx6n_4OcLgzAGdty0RWCoA,워크맨-Workman
UCx3nGMzjz1gVZJILA9pNKvA,http://www.youtube.com/channel/UCx3nGMzjz1gVZJILA9pNKvA,GK
UCyPEUFSAMuS-SdRHKLIWqjg,http://www.youtube.com/channel/UCyPEUFSAMuS-SdRHKLIWqjg,교양선택전쟁사
UCyR51r7J_Lml1Rllaf19f1w,http://www.youtube.com/channel/UCyR51r7J_Lml1Rllaf19f1w,뚜러뻥사이다썰
UCyYZDwrnW694s6ofzplgRnw,http://www.youtube.com/channel/UCyYZDwrnW694s6ofzplgRnw,비밀소녀
UCybX62fqzOxtm1ViKpsMAzQ,http://www.youtube.com/channel/UCybX62fqzOxtm1ViKpsMAzQ,Hoo's mini world
UCyjiqn9No1prLHIcTUA0ZzA,http://www.youtube.com/channel/UCyjiqn9No1prLHIcTUA0ZzA,쏨작가의지식사전
UCyozK5OFN5lDrwim5wqQnLA,http://www.youtube.com/channel/UCyozK5OFN5lDrwim5wqQnLA,취미로 요리하는 남자 Yonam
UCyvqwwpQYUHfQhm6g4UHRsQ,http://www.youtube.com/channel/UCyvqwwpQYUHfQhm6g4UHRsQ,새송 Saesong
UCyw-SlgJoR9KDaE6TWeYI-A,http://www.youtube.com/channel/UCyw-SlgJoR9KDaE6TWeYI-A,중력유튜브
UCzLoVfj30k2wTD-k72rtrYA,http://www.youtube.com/channel/UCzLoVfj30k2wTD-k72rtrYA,난두팔
UCzh4yY8rl38knH33XpNqXbQ,http://www.youtube.com/channel/UCzh4yY8rl38knH33XpNqXbQ,왁타버스 WAKTAVERSE
UCzml9bXoEM0itbcE96CB03w,http://www.youtube.com/channel/UCzml9bXoEM0itbcE96CB03w,DroneBot Workshop
UCzzF1CGFr44hkqZOw6brfgQ,http://www.youtube.com/channel/UCzzF1CGFr44hkqZOw6brfgQ,Blue.D /블루디





