동영상 ID,Song Title,Album Title,Artist Name 1,Artist Name 2,Artist Name 3,Artist Name 4,Artist Name 5
J0SNTY-4Pr8,고속도로 로망스,고속도로 로망스,이세계록스타 (숲튽훈),주르르,,,
w7adx_CuApw,나에게로 떠나는 여행,Buzz Effect,버즈,,,,
ktg4JIM5fHE,마루는 강쥐,마루는 강쥐 X 해원 (NMIXX),해원,,,,
w14rSMl35ro,미리 메리 크리스마스,REAL,아이유(IU),Cheon Dung,,,
cWN7SD7kX5k,별별별 (See that?),Fe3O4: STICK OUT,NMIXX,,,,
rS2G7W8qeHs,僕にはどうしてわかるんだろう,僕にはどうしてわかるんだろう,Vaundy,,,,
256BMWwQLNU,스프링클 파티 (Sung By Nmixx) (Inst.),개비의 매직하우스 OST X Nmixx,NMIXX,,,,
6eNlsvND33w,아니 근데 진짜,INSERT COIN,LUCY,,,,
_kfXIXmr51k,안녕 개비! (Sung By Nmixx) (Inst.),개비의 매직하우스 OST X Nmixx,NMIXX,,,,
BdMyM9_bZ4g,우린 노래가 될까,New Century Masterpiece Cinema,Nerd Connection,,,,
Osu7UA5lx2k,이게 사랑인가 봐 (with. 윤토벤),이게 사랑인가 봐,주니엘,,,,
CYE7XxxUcjw,BANKAI SHUNSUI X KISUKE (PHONK),BANKAI SHUNSUI X KISUKE (PHONK),Icykiddo,,,,
tFjrC65PsUI,BEAT BEAT,Fe3O4: STICK OUT,NMIXX,,,,
ZWKpPDI1M-o,Beggin',Chosen,Måneskin,,,,
HFtn3y77Vs0,ベテルギウス - BETELGEUSE,Ichi,Yuuri,,,,
QQjLJ8MjZMc,BOOM,Fe3O4: BREAK,NMIXX,,,,
hicXm2GONcA,Break The Wall,Fe3O4: BREAK,NMIXX,,,,
2JN_yPzBANE,Come On,Come On,Dimitri Vegas,Like Mike,NMIXX,,
PluoENBB_3s,COOL (Your rainbow),ENTWURF,NMIXX,,,,
gf9r7rnrlDw,COOL (Your rainbow) (Instrumental),ENTWURF,NMIXX,,,,
9RfVp-GhKfs,Creep,Creep,Radiohead,,,,
R-bpAPosQuI,Crescendo,Heavy Serenade,NMIXX,,,,
s5oSscNIyIs,DAISIES,SWAG,Justin Bieber,,,,
lgvM9exghpY,DASH,Fe3O4: BREAK,NMIXX,,,,
WX-9EL7fqdg,DICE,ENTWURF,NMIXX,,,,
D-tI6qEBRMg,Different Girl,Heavy Serenade,NMIXX,,,,
9yyFKPR7ZZM,Do or Die,Do or Die,임영웅,,,,
AtEwj5oUUEI,FEIFEI,FEIFEI,NMIXX,,,,
fILlpBXWsaI,FEIFEI Instrumental,FEIFEI,NMIXX,,,,
GPYTXt9WTWU,Funky Glitter Christmas,1st Intermixxion Single <Funky Glitter Christmas>,NMIXX,,,,
9_bTl2vvYQg,Golden,Golden (from the Netflix film KPop Demon Hunters),HUNTR/X,EJAE,AUDREY NUNA,REI AMI,KPop Demon Hunters Cast
IsyxQfVKL18,Golden Recipe,Fe3O4: FORWARD,NMIXX,,,,
1mZEQl8q3w4,시간을 달리네,자몽살구클럽,한로로,,,,
hGqYdubpcCM,Heavy Serenade,Heavy Serenade,NMIXX,,,,
SvWV-9r-Lkw,High Horse,Fe3O4: FORWARD,NMIXX,,,,
dixyMxnPuoA,High Horse,High Horse,NMIXX,,,,
A3CmKRfRO88,HOME,expérgo,NMIXX,,,,
mYwsDG7TZfA,I Love You,내 연애의 모든 것 OST Part.3,AKMU (악뮤),,,,
lLnv1ebIdJ4,IDESERVEIT,Heavy Serenade,NMIXX,,,,
CUbJQGqFoi0,Iris,Greatest Hits Volume One - The Singles,Goo Goo Dolls,,,,
5uoCxrKNsVc,Just Did It,expérgo,NMIXX,,,,
eLJKQg0Wv6U,Kiss,Kiss,NMIXX,,,,
ewJBkYws3AA,KNOW ABOUT ME,Fe3O4: FORWARD,NMIXX,,,,
OsfAnsMY21M,Levitating,Future Nostalgia,Dua Lipa,,,,
4CUHN2xw8eU,Like Magic,Like Magic,J.Y. Park,Stray Kids,ITZY,NMIXX,
3KZCKKeCuAc,LOCKDOWN,LOCKDOWN,이세계아이돌 (ISEGYE IDOL),,,,
_M2gRvX_6ec,LOUD,Heavy Serenade,NMIXX,,,,
VV0ocN0U_vU,Love Is Lonely,Fe3O4: STICK OUT,NMIXX,,,,
FxuVJeeKK_4,Love Me Like This,expérgo,NMIXX,,,,
hvU0l6kqPeE,MEXE,MEXE,Pabllo Vittar,NMIXX,,,
jjI5vJ0oVqs,Moving On,Fe3O4: STICK OUT,NMIXX,,,,
fc7BBRW__Bc,My Gosh,expérgo,NMIXX,,,,
P8W4p5UIfqA,O.O,AD MARE,NMIXX,,,,
23lOTvUyU6k,O.O (Instrumental),AD MARE,NMIXX,,,,
gZrd_qNEghU,Ocean,Fe3O4: FORWARD,NMIXX,,,,
BNvTxSZzc5A,Papillon,Fe3O4: FORWARD,NMIXX,,,,
AzYxoB-Lm_U,Party O'Clock,A Midsummer NMIXX's Dream,NMIXX,,,,
wdC28pshiX0,Party O'Clock (Inst.),A Midsummer NMIXX's Dream,NMIXX,,,,
HNysLymztDs,Passionfruit,Fe3O4: BREAK,NMIXX,,,,
LDWPLxbCRcQ,PAXXWORD,expérgo,NMIXX,,,,
37W7Y2RRyiM,Pretender,Pretender,OFFICIAL髭男DISM,,,,
ddTDU3Glwdc,"Red light sign, but we go",Fe3O4: STICK OUT,NMIXX,,,,
Ckmmzw50c2c,Ridin′ (Prod. THE HUB),월드 오브 스트릿 우먼 파이터(WSWF) Original Vol.2 (계급미션),릴리 (NMIXX),지우 (NMIXX),규진 (NMIXX),,
cr8SBb5cuoY,Roller Coaster,A Midsummer NMIXX's Dream,NMIXX,,,,
i8hXg051cRA,Roller Coaster (Inst.),A Midsummer NMIXX's Dream,NMIXX,,,,
k81ic6eN6nk,Run For Roses,Fe3O4: BREAK,NMIXX,,,,
TUnEJM6W-Fw,Say You Won't Let Go,Say You Won't Let Go,James Arthur,,,,
KQ8EqBKgmVg,SICKUHH,Fe3O4: STICK OUT,NMIXX,키드밀리,,,
lvy95Y1Bo-M,Slingshot (＜★),Fe3O4: FORWARD,NMIXX,,,,
YTCS9_kWYew,Sober Up,The Click (Deluxe Edition),AJR,Rivers Cuomo,,,
BxOkRcTWWh4,Soñar (Breaker),Soñar (Breaker),NMIXX,,,,
8SFD1biEYQU,Soñar (Spanish Ver.),Soñar (Spanish Ver.),NMIXX,,,,
DqO1lLavWGo,Stitches,Handwritten (Revisited),Shawn Mendes,,,,
62RhkRhkyTA,Superior,Heavy Serenade,NMIXX,,,,
8wCuNnlk50k,TANK,AD MARE,NMIXX,,,,
figll7e8vhI,TANK (Instrumental),AD MARE,NMIXX,,,,
VF5KiYpH-Pg,TIC TIC,TIC TIC,NMIXX,Pabllo Vittar,,,
aFoqCI75WoY,TOMBOY,I NEVER DIE,i-dle (아이들),,,,
gu0B7eGU0iw,toxic till the end,rosie,로제,,,,
qSay_8xzijg,Treat You Better,Illuminate (Deluxe),Shawn Mendes,,,,
ALsvdSA9tOU,Viva La Vida,Viva La Vida,Coldplay,,,,
d57qSDCxVA4,What Makes You Beautiful,Up All Night,One Direction,,,,
85-YwUU2QDk,XOXO,Fe3O4: BREAK,NMIXX,,,,
Fmiu0L9XSVg,"Young, Dumb, Stupid",expérgo,NMIXX,,,,
SX54UKCOeRI,"Young, Dumb, Stupid","Young, Dumb, Stupid",NMIXX,,,,





